{
  "db_name": "PostgreSQL",
  "query": "SELECT * FROM product_image WHERE product_id = $1",
  "describe": {
    "columns": [
      {
        "ordinal": 0,
        "name": "product_id",
        "type_info": "Uuid"
      },
      {
        "ordinal": 1,
        "name": "path",
        "type_info": "Text"
      }
    ],
    "parameters": {
      "Left": [
        "Uuid"
      ]
    },
    "nullable": [
      false,
      false
    ]
  },
  "hash": "011ca62fe2f19ca85b4855be9cc35ba188566ea3d7cd69b9c9c08940bf7f01df"
}
