{
  "db_name": "PostgreSQL",
  "query": "SELECT id, user_id, order_placed, amount_charged, status AS \"status!: AppOrderStatus\" FROM apporder WHERE id = $1",
  "describe": {
    "columns": [
      {
        "ordinal": 0,
        "name": "id",
        "type_info": "Uuid"
      },
      {
        "ordinal": 1,
        "name": "user_id",
        "type_info": "Uuid"
      },
      {
        "ordinal": 2,
        "name": "order_placed",
        "type_info": "Timestamp"
      },
      {
        "ordinal": 3,
        "name": "amount_charged",
        "type_info": "Int8"
      },
      {
        "ordinal": 4,
        "name": "status!: AppOrderStatus",
        "type_info": {
          "Custom": {
            "name": "app_order_status",
            "kind": {
              "Enum": [
                "Unconfirmed",
                "Confirmed",
                "Fulfilled"
              ]
            }
          }
        }
      }
    ],
    "parameters": {
      "Left": [
        "Uuid"
      ]
    },
    "nullable": [
      false,
      false,
      false,
      false,
      false
    ]
  },
  "hash": "50dabb1bb676e35d2363dfc7498ee537980ba554526a07f872c645b21848c206"
}
