{
  "db_name": "PostgreSQL",
  "query": "SELECT * FROM product_image WHERE product_id = $1 AND path = $2",
  "describe": {
    "columns": [
      {
        "ordinal": 0,
        "name": "product_id",
        "type_info": "Uuid"
      },
      {
        "ordinal": 1,
        "name": "path",
        "type_info": "Text"
      }
    ],
    "parameters": {
      "Left": [
        "Uuid",
        "Text"
      ]
    },
    "nullable": [
      false,
      false
    ]
  },
  "hash": "209cd5bd2177d94555952ce2c001d09dde05d71bca946e6b56e99210acbfc7ca"
}
