{
  "db_name": "PostgreSQL",
  "query": "SELECT user_id, pgp_sym_decrypt_bytea(secret, $2) AS \"secret!\" FROM totp WHERE user_id = $1",
  "describe": {
    "columns": [
      {
        "ordinal": 0,
        "name": "user_id",
        "type_info": "Uuid"
      },
      {
        "ordinal": 1,
        "name": "secret!",
        "type_info": "Bytea"
      }
    ],
    "parameters": {
      "Left": [
        "Uuid",
        "Text"
      ]
    },
    "nullable": [
      false,
      null
    ]
  },
  "hash": "4ab821264f974863f76adde1be0a8ca1168b7d0ed0044295b49e00a5d6601b78"
}
