{
  "db_name": "PostgreSQL",
  "query": "INSERT INTO totp (user_id, secret) VALUES ($1, pgp_sym_encrypt_bytea($2, $3)) RETURNING *",
  "describe": {
    "columns": [
      {
        "ordinal": 0,
        "name": "user_id",
        "type_info": "Uuid"
      },
      {
        "ordinal": 1,
        "name": "secret",
        "type_info": "Bytea"
      }
    ],
    "parameters": {
      "Left": [
        "Uuid",
        "Bytea",
        "Text"
      ]
    },
    "nullable": [
      false,
      false
    ]
  },
  "hash": "0165e556e9971b25cc3a64d4a6930f59ffa20b2490f088e9e75ce4850f9a3fc5"
}
