{
  "db_name": "PostgreSQL",
  "query": "INSERT INTO product (name, description, listed, price) VALUES ($1, $2, $3, $4) RETURNING id, name, description, listed, price, '{}'::text[] AS \"images!\"",
  "describe": {
    "columns": [
      {
        "ordinal": 0,
        "name": "id",
        "type_info": "Uuid"
      },
      {
        "ordinal": 1,
        "name": "name",
        "type_info": "Text"
      },
      {
        "ordinal": 2,
        "name": "description",
        "type_info": "Text"
      },
      {
        "ordinal": 3,
        "name": "listed",
        "type_info": "Bool"
      },
      {
        "ordinal": 4,
        "name": "price",
        "type_info": "Int8"
      },
      {
        "ordinal": 5,
        "name": "images!",
        "type_info": "TextArray"
      }
    ],
    "parameters": {
      "Left": [
        "Text",
        "Text",
        "Bool",
        "Int8"
      ]
    },
    "nullable": [
      false,
      false,
      false,
      false,
      false,
      null
    ]
  },
  "hash": "4ce1da648d9b743f337ac1067aaab98511e07ff4534f980b72bbac62564f67fe"
}
