{
  "db_name": "PostgreSQL",
  "query": "SELECT * FROM order_item WHERE order_id = $1",
  "describe": {
    "columns": [
      {
        "ordinal": 0,
        "name": "order_id",
        "type_info": "Uuid"
      },
      {
        "ordinal": 1,
        "name": "product_id",
        "type_info": "Uuid"
      },
      {
        "ordinal": 2,
        "name": "count",
        "type_info": "Int8"
      }
    ],
    "parameters": {
      "Left": [
        "Uuid"
      ]
    },
    "nullable": [
      false,
      false,
      false
    ]
  },
  "hash": "bbf3aba2563f5744fae724a83bed14a5bdb4abb4addbb49687adcff5bfe9608b"
}
