{
  "db_name": "PostgreSQL",
  "query": "INSERT INTO apporder (user_id, order_placed, amount_charged, status) VALUES ($1, $2, $3, $4) RETURNING id, user_id, order_placed AS \"order_placed\", amount_charged, status AS \"status!: AppOrderStatus\"",
  "describe": {
    "columns": [
      {
        "ordinal": 0,
        "name": "id",
        "type_info": "Uuid"
      },
      {
        "ordinal": 1,
        "name": "user_id",
        "type_info": "Uuid"
      },
      {
        "ordinal": 2,
        "name": "order_placed",
        "type_info": "Timestamp"
      },
      {
        "ordinal": 3,
        "name": "amount_charged",
        "type_info": "Int8"
      },
      {
        "ordinal": 4,
        "name": "status!: AppOrderStatus",
        "type_info": {
          "Custom": {
            "name": "app_order_status",
            "kind": {
              "Enum": [
                "Unconfirmed",
                "Confirmed",
                "Fulfilled"
              ]
            }
          }
        }
      }
    ],
    "parameters": {
      "Left": [
        "Uuid",
        "Timestamp",
        "Int8",
        {
          "Custom": {
            "name": "app_order_status",
            "kind": {
              "Enum": [
                "Unconfirmed",
                "Confirmed",
                "Fulfilled"
              ]
            }
          }
        }
      ]
    },
    "nullable": [
      false,
      false,
      false,
      false,
      false
    ]
  },
  "hash": "3d7b8566f5954dffcb89c6e42aff3038f7cf9102774d7a9db7d5634430d0e77e"
}
