{
  "db_name": "PostgreSQL",
  "query": "SELECT id, email AS \"email: _\", pgp_sym_decrypt(forename, $1) AS \"forename!\",\n            pgp_sym_decrypt(surname, $1) AS \"surname!\",\n            pgp_sym_decrypt(address, $1) AS \"address!\",\n            role AS \"role!: AppUserRole\" FROM appuser",
  "describe": {
    "columns": [
      {
        "ordinal": 0,
        "name": "id",
        "type_info": "Uuid"
      },
      {
        "ordinal": 1,
        "name": "email: _",
        "type_info": "Text"
      },
      {
        "ordinal": 2,
        "name": "forename!",
        "type_info": "Text"
      },
      {
        "ordinal": 3,
        "name": "surname!",
        "type_info": "Text"
      },
      {
        "ordinal": 4,
        "name": "address!",
        "type_info": "Text"
      },
      {
        "ordinal": 5,
        "name": "role!: AppUserRole",
        "type_info": {
          "Custom": {
            "name": "app_user_role",
            "kind": {
              "Enum": [
                "Customer",
                "Administrator"
              ]
            }
          }
        }
      }
    ],
    "parameters": {
      "Left": [
        "Text"
      ]
    },
    "nullable": [
      false,
      false,
      null,
      null,
      null,
      false
    ]
  },
  "hash": "63d1d386a004b18e4e7198c3131bd06094750ef576efea3da0076100675cb7d3"
}
