{
  "db_name": "PostgreSQL",
  "query": "INSERT INTO password (user_id, password) VALUES ($1, $2) RETURNING *",
  "describe": {
    "columns": [
      {
        "ordinal": 0,
        "name": "user_id",
        "type_info": "Uuid"
      },
      {
        "ordinal": 1,
        "name": "password",
        "type_info": "Text"
      }
    ],
    "parameters": {
      "Left": [
        "Uuid",
        "Text"
      ]
    },
    "nullable": [
      false,
      false
    ]
  },
  "hash": "bc6e99c3f81fd18739960a864adc2d1a7dcba5d3394efae21e870579be60c571"
}
