{
  "db_name": "PostgreSQL",
  "query": "SELECT id, email AS \"email: _\", pgp_sym_decrypt(forename, $2) AS \"forename!\",\n            pgp_sym_decrypt(surname, $2) AS \"surname!\",\n            pgp_sym_decrypt(address, $2) AS \"address!\",\n            role AS \"role!: AppUserRole\" FROM appuser WHERE id = $1",
  "describe": {
    "columns": [
      {
        "ordinal": 0,
        "name": "id",
        "type_info": "Uuid"
      },
      {
        "ordinal": 1,
        "name": "email: _",
        "type_info": "Text"
      },
      {
        "ordinal": 2,
        "name": "forename!",
        "type_info": "Text"
      },
      {
        "ordinal": 3,
        "name": "surname!",
        "type_info": "Text"
      },
      {
        "ordinal": 4,
        "name": "address!",
        "type_info": "Text"
      },
      {
        "ordinal": 5,
        "name": "role!: AppUserRole",
        "type_info": {
          "Custom": {
            "name": "app_user_role",
            "kind": {
              "Enum": [
                "Customer",
                "Administrator"
              ]
            }
          }
        }
      }
    ],
    "parameters": {
      "Left": [
        "Uuid",
        "Text"
      ]
    },
    "nullable": [
      false,
      false,
      null,
      null,
      null,
      false
    ]
  },
  "hash": "98ae7e37d2b7e7e66790964f3cc240620727ce91aac4ee88f5e492f05ddf0096"
}
