{
  "db_name": "PostgreSQL",
  "query": "SELECT * FROM password WHERE user_id = $1",
  "describe": {
    "columns": [
      {
        "ordinal": 0,
        "name": "user_id",
        "type_info": "Uuid"
      },
      {
        "ordinal": 1,
        "name": "password",
        "type_info": "Text"
      }
    ],
    "parameters": {
      "Left": [
        "Uuid"
      ]
    },
    "nullable": [
      false,
      false
    ]
  },
  "hash": "155f0b7063a7c84c048a8218d94810e9ca670fa6e92a943c02a7e2a0e953dcdc"
}
