{
  "db_name": "PostgreSQL",
  "query": "SELECT id, name, description, listed, price,\n                array_remove(array_agg(path), NULL) AS \"images!\"\n                FROM product LEFT JOIN product_image ON product.id = product_image.product_id\n                GROUP BY id",
  "describe": {
    "columns": [
      {
        "ordinal": 0,
        "name": "id",
        "type_info": "Uuid"
      },
      {
        "ordinal": 1,
        "name": "name",
        "type_info": "Text"
      },
      {
        "ordinal": 2,
        "name": "description",
        "type_info": "Text"
      },
      {
        "ordinal": 3,
        "name": "listed",
        "type_info": "Bool"
      },
      {
        "ordinal": 4,
        "name": "price",
        "type_info": "Int8"
      },
      {
        "ordinal": 5,
        "name": "images!",
        "type_info": "TextArray"
      }
    ],
    "parameters": {
      "Left": []
    },
    "nullable": [
      false,
      false,
      false,
      false,
      false,
      null
    ]
  },
  "hash": "0a285e1382713c7a82a540738a5760335090bf44fee54c6704db15eda9a45e7a"
}
