{
  "db_name": "PostgreSQL",
  "query": "INSERT INTO product_image (product_id, path) VALUES ($1, $2) RETURNING *",
  "describe": {
    "columns": [
      {
        "ordinal": 0,
        "name": "product_id",
        "type_info": "Uuid"
      },
      {
        "ordinal": 1,
        "name": "path",
        "type_info": "Text"
      }
    ],
    "parameters": {
      "Left": [
        "Uuid",
        "Text"
      ]
    },
    "nullable": [
      false,
      false
    ]
  },
  "hash": "c367be150756d3b3a28fefad29cc0fbbefdba5a9f8ed0ac53460e0909b65b643"
}
