{
  "db_name": "PostgreSQL",
  "query": "SELECT id, name, description, listed, price,\n                array_remove(array_agg(path), NULL) AS \"images!\"\n                FROM product LEFT JOIN product_image ON product.id = product_image.product_id\n                WHERE id = $1 GROUP BY id",
  "describe": {
    "columns": [
      {
        "ordinal": 0,
        "name": "id",
        "type_info": "Uuid"
      },
      {
        "ordinal": 1,
        "name": "name",
        "type_info": "Text"
      },
      {
        "ordinal": 2,
        "name": "description",
        "type_info": "Text"
      },
      {
        "ordinal": 3,
        "name": "listed",
        "type_info": "Bool"
      },
      {
        "ordinal": 4,
        "name": "price",
        "type_info": "Int8"
      },
      {
        "ordinal": 5,
        "name": "images!",
        "type_info": "TextArray"
      }
    ],
    "parameters": {
      "Left": [
        "Uuid"
      ]
    },
    "nullable": [
      false,
      false,
      false,
      false,
      false,
      null
    ]
  },
  "hash": "ed49db03ad6ee912396c9af782c5f856bf8cbd94652679cdc9f9d69d5bdfdf0c"
}
